Year,Country,Industry,Sales,Assets,Profits,Market Value,Sales Growth,Assets Growth,Profits Growth,Market Value Growth,clusters
2009,United States of America,Aerospace & Defense,238040,210110,12810,127690,8.042846768,4.061215393,-21.36279926,-46.32618747,0
2009,United States of America,Banking,513980,9504850,-21010,307770,-27.25805995,-0.264112772,-131.1582382,-66.85869963,1
2009,United States of America,Business Services & Supplies,143540,217720,5300,102850,-17.30137697,-14.73329678,-41.88596491,-39.97665597,0
2009,United States of America,Capital Goods,195700,206730,13210,82840,-0.553889933,3.370168508,-14.66408269,-61.60192825,0
2009,United States of America,Chemicals,215670,210370,15290,153590,18.94440768,8.215020576,11.85076811,-48.89021996,0
2009,United States of America,Conglomerates,379800,997780,34100,231040,6.979888457,0.530977018,-13.0323897,-61.43484284,0
2009,United States of America,Construction,86940,60410,-2570,28900,-21.32126697,-36.38374052,-38.07228916,-58.59005588,0
2009,United States of America,Consumer Durables,665410,664980,-21660,286580,-12.88848742,-21.15671907,27.78761062,-42.28693411,0
2009,United States of America,Diversified Financials,500670,5200060,-88320,443790,-31.31721905,-32.63987751,-299.233025,-54.64588656,0
2009,United States of America,Drugs & Biotechnology,539320,538350,48090,633570,8.384244373,7.087444303,18.97575458,-25.16654068,0
2009,United States of America,Food Markets,211530,72820,690,37630,5.902673476,-1.687592818,-82.39795918,-33.30379298,0
2009,United States of America,"Food, Drink & Tobacco",443630,427740,31480,459500,6.370785978,-5.698979254,-19.17843389,-35.21508029,0
2009,United States of America,Health Care Equipment & Services,481380,455770,26650,357480,11.44603417,-1.213776362,-3.616636528,-36.29737869,0
2009,United States of America,"Hotels, Restaurants & Leisure",82500,104500,5480,90240,0.024248303,-9.664591978,-32.26205192,-52.46523388,0
2009,United States of America,IT Software & Services,277620,358610,37190,558910,-0.140282724,-3.248347498,-13.0871699,-33.48684993,0
2009,United States of America,Insurance,316280,3212890,-92720,146350,-32.85638467,-16.72999171,-318.6792453,-70.42717426,0
2009,United States of America,Materials,209190,220280,-4270,88940,-1.124923193,-13.97328751,-128.7735849,-62.11772723,0
2009,United States of America,Media,301980,591820,-30690,191670,3.76962991,-9.822027184,-239.9452804,-54.17114985,0
2009,United States of America,Oil & Gas Operations,1447980,1087420,86770,820540,22.61561,-2.9141296,-29.31736722,-42.38509177,0
2009,United States of America,Retailing,1213760,629770,33370,517580,1.001897281,-6.809807781,-26.62708883,-28.35965507,0
2009,United States of America,Semiconductors,86950,115730,5100,144040,-10.14777307,-15.31538124,-58.70445344,-47.91161899,0
2009,United States of America,Technology Hardware & Equipment,464490,413040,27270,400680,0.504154405,5.932138186,-21.1621856,-41.81659769,0
2009,United States of America,Telecommunications Services,297620,608390,19640,274400,1.289861485,-1.677521535,-359.4451783,-31.61029833,0
2009,United States of America,Transportation,276400,318720,-7690,139040,15.80843843,11.72965014,-168.294849,-42.23034735,0
2009,United States of America,Utilities,440640,1019990,31530,323140,9.258616415,9.126020392,-12.92460646,-35.76384057,0
2010,United States of America,Aerospace & Defense,247170,223170,13840,199580,3.835489834,6.215791728,8.040593286,56.30041507,0
2010,United States of America,Banking,609580,9576080,25240,814800,18.59994552,0.749406882,-220.1332699,164.7431524,1
2010,United States of America,Business Services & Supplies,114590,183470,7160,144680,-20.16859412,-15.7312144,35.09433962,40.67087992,0
2010,United States of America,Capital Goods,132060,188740,6000,167000,-32.51916198,-8.702171915,-54.57986374,101.5934331,0
2010,United States of America,Chemicals,158720,221610,9480,221320,-26.40608337,5.342967153,-37.99869196,44.09792304,0
2010,United States of America,Conglomerates,322600,979870,24010,406880,-15.06055819,-1.794984866,-29.58944282,76.10803324,0
2010,United States of America,Construction,74720,55680,460,37630,-14.05567058,-7.829829498,-117.8988327,30.20761246,0
2010,United States of America,Consumer Durables,422190,534740,28420,485260,-36.55190033,-19.58555145,-231.209603,69.32793635,0
2010,United States of America,Diversified Financials,430790,5261600,-49560,849140,-13.95729722,1.183447883,-43.88586957,91.33824557,0
2010,United States of America,Drugs & Biotechnology,519270,658450,63290,768200,-3.717644441,22.30890684,31.60740279,21.24942785,0
2010,United States of America,Food Markets,212880,72400,-440,51400,0.638207346,-0.576764625,-163.7681159,36.59314377,0
2010,United States of America,"Food, Drink & Tobacco",406050,439070,38460,613470,-8.47102315,2.648805349,22.17280813,33.50816104,0
2010,United States of America,Health Care Equipment & Services,527690,510000,34140,530960,9.620258424,11.89854532,28.10506567,48.52858901,0
2010,United States of America,"Hotels, Restaurants & Leisure",83570,124350,4970,153390,1.296969697,18.99521531,-9.306569343,69.98005319,0
2010,United States of America,IT Software & Services,257110,381280,47760,875350,-7.387796268,6.321630741,28.42161871,56.61734447,0
2010,United States of America,Insurance,440230,3441770,2130,280510,39.18995826,7.123804425,-102.297239,91.67065255,0
2010,United States of America,Materials,137950,213950,3870,163810,-34.05516516,-2.873615399,-190.6323185,84.1803463,0
2010,United States of America,Media,282470,572730,21410,340090,-6.460692761,-3.225642932,-169.7621375,77.43517504,0
2010,United States of America,Oil & Gas Operations,924310,1111120,36990,992820,-36.16555477,2.179470674,-57.37005878,20.99592951,0
2010,United States of America,Retailing,1249000,663310,40660,753420,2.903374637,5.325753847,21.84596943,45.56590286,0
2010,United States of America,Semiconductors,75390,115370,6310,231400,-13.29499712,-0.311068867,23.7254902,60.64981949,0
2010,United States of America,Technology Hardware & Equipment,440040,469220,32900,717710,-5.263837758,13.60158822,20.64539787,79.12299092,0
2010,United States of America,Telecommunications Services,296470,649330,15630,307250,-0.386398764,6.729236181,-20.41751527,11.97157434,0
2010,United States of America,Transportation,218430,279270,2830,204610,-20.97322721,-12.37763554,-136.8010403,47.15909091,0
2010,United States of America,Utilities,353570,985910,32090,368890,-19.7598947,-3.341209228,1.776086267,14.15795011,0
2011,United States of America,Aerospace & Defense,246927,235739,16468,203394,-0.098312902,5.632029395,18.98843931,1.911013128,0
2011,United States of America,Banking,590337,9791705,52230,910245,-3.156763673,2.251704246,106.933439,11.71391753,1
2011,United States of America,Business Services & Supplies,132142,190060,6757,157786,15.31721791,3.59186788,-5.62849162,9.058612109,0
2011,United States of America,Capital Goods,176155,212159,13148,258436,33.3901257,12.4080746,119.1333333,54.75209581,0
2011,United States of America,Chemicals,191972,245760,14916,284875,20.95010081,10.89752267,57.34177215,28.71633833,0
2011,United States of America,Conglomerates,334741,971577,28208,518115,3.763484191,-0.846336759,17.48438151,27.33852733,0
2011,United States of America,Construction,69509,46208,1350,39638,-6.974036403,-17.01149425,193.4782609,5.336167951,0
2011,United States of America,Consumer Durables,764371,733077,46966,682289,81.04905374,37.09036167,65.25686137,40.60276965,0
2011,United States of America,Diversified Financials,641930,9325905,25986,775159,49.01227977,77.24465942,-152.433414,-8.71246202,1
2011,United States of America,Drugs & Biotechnology,499555,553288,31602,587231,-3.796676103,-15.97114435,-50.06794122,-23.5575371,0
2011,United States of America,Food Markets,209118,67555,1620,51665,-1.767192785,-6.69198895,-468.1818182,0.515564202,0
2011,United States of America,"Food, Drink & Tobacco",442226,518796,48987,695180,8.90924763,18.1579247,27.37129485,13.31931472,0
2011,United States of America,Health Care Equipment & Services,654529,651709,50208,713354,24.03665031,27.78607843,47.06502636,34.35174024,0
2011,United States of America,"Hotels, Restaurants & Leisure",74238,80649,8909,168966,-11.16668661,-35.14354644,79.2555332,10.15450812,0
2011,United States of America,IT Software & Services,291979,431679,58307,947678,13.56189958,13.2183697,22.08333333,8.262752042,0
2011,United States of America,Insurance,429781,3591018,34063,383296,-2.373532017,4.336373436,1499.201878,36.64254394,0
2011,United States of America,Materials,59628,71192,2776,46290,-56.77564335,-66.72493573,-28.26873385,-71.74165191,0
2011,United States of America,Media,295191,586315,25099,444348,4.503487096,2.371972832,17.23026623,30.65600282,0
2011,United States of America,Oil & Gas Operations,1166990,1393697,95478,1424057,26.25526068,25.43172655,158.1184104,43.43556737,0
2011,United States of America,Retailing,1280367,678184,47919,787243,2.511369095,2.242390436,17.85292671,4.489262297,0
2011,United States of America,Semiconductors,110946,145122,24371,289689,47.16275368,25.78833319,286.2282092,25.18971478,0
2011,United States of America,Technology Hardware & Equipment,393156,486467,49808,826245,-10.65448596,3.675674524,51.39209726,15.1224032,0
2011,United States of America,Telecommunications Services,285440,610090,20390,329294,-3.72044389,-6.043152172,30.45425464,7.174613507,0
2011,United States of America,Transportation,37117,99428,5839,97961,-83.00737078,-64.39717836,106.3250883,-52.12306339,0
2011,United States of America,Utilities,307788,914222,24899,374228,-12.94849676,-7.27125194,-22.40885011,1.447043834,0
2012,United States of America,Aerospace & Defense,237807,242088,15621,180394,-3.693399264,2.69323277,-5.143308234,-11.30810152,0
2012,United States of America,Air Courier,100578,66020,5940,114545,-2.320160828,2.397865806,7.37527115,-7.665954617,0
2012,United States of America,Airline,124917,131738,-35,22159,23.4772552,0.443746378,-102.617801,-27.81849572,0
2012,United States of America,Banking,538171,9839476,66605,824194,-8.836647542,0.487872133,27.52249665,-9.453608644,1
2012,United States of America,Business Services & Supplies,152956,191638,8837,159499,15.75123731,0.830264127,30.78289182,1.085647649,0
2012,United States of America,Capital Goods,255388,282028,23432,317971,44.97913769,32.93237619,78.21721935,23.03665124,0
2012,United States of America,Casinos & Gaming,31364,85426,4600,62989,83.87758691,83.00734806,-778.4660767,23.7286138,0
2012,United States of America,Chemicals,216968,277545,19722,305222,13.02064884,12.93334961,32.22043443,7.142430891,0
2012,United States of America,Conglomerates,306946,903183,28789,457819,-8.303434596,-7.039483232,2.059699376,-11.63757081,0
2012,United States of America,Construction,43299,20069,1429,22181,-37.70734725,-56.56812673,5.851851852,-44.0410717,0
2012,United States of America,Consumer Durables,813954,789820,64653,723217,6.486771476,7.740387435,37.65915769,5.998631079,0
2012,United States of America,Diversified Financials,617566,9233420,30037,802026,-3.795429408,-0.991700001,15.5891634,3.465998589,1
2012,United States of America,Diversified Metals & Mining,132073,196225,9139,128066,30.61016614,25.39620664,1.028078709,-19.26442405,0
2012,United States of America,Drugs & Biotechnology,530910,568385,39855,679813,6.276586162,2.728597042,26.11543573,15.76585705,0
2012,United States of America,Food Markets,222046,67316,2118,53815,6.182155529,-0.353785804,30.74074074,4.161424562,0
2012,United States of America,"Food, Drink & Tobacco",505084,556806,46772,815715,14.21399918,7.326579233,-4.521607773,17.33867488,0
2012,United States of America,Health Care Equipment & Services,610241,675472,47623,717055,-6.766392322,3.646259297,-5.148581899,0.518816745,0
2012,United States of America,"Hotels, Restaurants & Leisure",84024,81443,9871,220968,13.18192839,0.984513137,10.79806937,30.77660594,0
2012,United States of America,IT Software & Services,314803,475092,61661,1076988,7.817000538,10.0567783,5.752311043,13.64493003,0
2012,United States of America,Insurance,431642,3564204,40704,331586,0.433011231,-0.746696341,19.49622758,-13.49087911,0
2012,United States of America,Materials,62491,73082,2812,49605,4.801435567,2.654792673,1.296829971,7.161373947,0
2012,United States of America,Media,328362,641058,27932,456650,11.23713121,9.336789951,11.28730228,2.768550776,0
2012,United States of America,Oil & Gas Operations,1521526,1529764,125698,1442098,30.38038029,9.763025966,31.65127045,1.266873447,0
2012,United States of America,Real Estate,44456,453888,8142,293492,26.99537222,43.65089915,115.7964484,34.49239765,0
2012,United States of America,Retailing,1378852,768236,47011,911400,7.691935203,13.27840232,-1.89486425,15.77111514,0
2012,United States of America,Semiconductors,119969,165845,22785,303021,8.132785319,14.27970949,-6.507734603,4.602176817,0
2012,United States of America,Technology Hardware & Equipment,456591,565410,63289,1005659,16.13481671,16.22782224,27.06593318,21.71438254,0
2012,United States of America,Telecommunications Services,308721,674251,3888,370891,8.156179933,10.51664509,-80.93182933,12.63217672,0
2012,United States of America,Transportation,54906,111418,7792,119442,47.92682598,12.05897735,33.44750813,21.92811425,0
2012,United States of America,Utilities,292652,944237,24254,397446,-4.917670604,3.283119417,-2.590465481,6.204239127,0
2013,United States of America,Aerospace & Defense,248704,262345,13808,211761,4.582287317,8.367618387,-11.60617118,17.3880506,0
2013,United States of America,Air Courier,103968,73647,2948,123727,3.370518404,11.55255983,-50.37037037,8.016063556,0
2013,United States of America,Airline,129596,133680,-532,36794,3.745687136,1.474138062,1420,66.04539916,0
2013,United States of America,Banking,526450,10287037,78278,985888,-2.177932293,4.54862637,17.52571128,19.61843935,1
2013,United States of America,Business Services & Supplies,129067,227536,10681,212759,-15.618217,18.73219299,20.86681,33.39205888,0
2013,United States of America,Capital Goods,252197,284716,19042,297994,-1.249471393,0.953096856,-18.73506316,-6.282648418,0
2013,United States of America,Casinos & Gaming,34033,83724,-1239,64804,8.509756409,-1.992367663,-126.9347826,2.881455492,0
2013,United States of America,Chemicals,220983,302993,18714,342824,1.8505033,9.168963591,-5.111043505,12.31955757,0
2013,United States of America,Conglomerates,320431,916233,30788,534593,4.393280903,1.444889906,6.943624301,16.76950935,0
2013,United States of America,Construction,74640,70994,2827,49700,72.38273401,253.749564,97.8306508,124.0656418,0
2013,United States of America,Consumer Durables,837032,832752,51588,774648,2.835295361,5.435668887,-20.20787898,7.111420224,0
2013,United States of America,Diversified Financials,607851,9127086,68579,917599,-1.573111214,-1.15162096,128.3150781,14.41013134,1
2013,United States of America,Diversified Metals & Mining,125133,195641,2317,103093,-5.254669766,-0.297617531,-74.64711675,-19.50010151,0
2013,United States of America,Drugs & Biotechnology,543913,618891,49456,930670,2.449191012,8.88587841,24.08982562,36.90088304,0
2013,United States of America,Food Markets,231328,68673,3186,59137,4.18021491,2.01586547,50.42492918,9.889436031,0
2013,United States of America,"Food, Drink & Tobacco",504691,602998,48165,899135,-0.07780884,8.295887616,2.978277602,10.22661101,0
2013,United States of America,Health Care Equipment & Services,710170,817396,46645,800501,16.37533368,21.01108558,-2.053629549,11.6373221,0
2013,United States of America,"Hotels, Restaurants & Leisure",84048,76717,10337,216021,0.028563268,-5.802831428,4.720899605,-2.238785707,0
2013,United States of America,IT Software & Services,331014,542048,64382,1196870,5.149569731,14.09327036,4.412837936,11.13122895,0
2013,United States of America,Insurance,512939,3898345,27105,395737,18.8343581,9.374912323,-33.40949292,19.34671548,0
2013,United States of America,Materials,68332,83734,1962,69482,9.34694596,14.57540845,-30.22759602,40.0705574,0
2013,United States of America,Media,324674,646289,33786,583979,-1.123150669,0.815994809,20.95804096,27.88328041,0
2013,United States of America,Oil & Gas Operations,1505852,1647753,120922,1495398,-1.030149994,7.712889047,-3.799583128,3.696004016,0
2013,United States of America,Real Estate,51895,626655,12247,361371,16.73339932,38.06379547,50.41758782,23.128058,0
2013,United States of America,Retailing,1491091,769359,50654,1055549,8.140032433,0.146179039,7.749250175,15.81621681,0
2013,United States of America,Semiconductors,134628,223651,22265,369218,12.21898991,34.85543731,-2.282203204,21.84568066,0
2013,United States of America,Technology Hardware & Equipment,457367,571796,49090,739399,0.169955168,1.129445889,-22.43517831,-26.47617135,0
2013,United States of America,Telecommunications Services,323643,681314,9311,423247,4.833490433,1.047532744,139.4804527,14.11627675,0
2013,United States of America,Transportation,62375,119731,8832,144910,13.60324919,7.461092463,13.34702259,21.32248288,0
2013,United States of America,Utilities,285468,1039962,19117,449820,-2.454792723,10.13781498,-21.18001154,13.17763923,0
2014,United States of America,Aerospace & Defense,241822,261777,17338,311467,-2.767144879,-0.216508796,25.56488992,47.08421286,0
2014,United States of America,Air Courier,106734,71981,6391,137269,2.66043398,-2.262142382,116.7910448,10.94506454,0
2014,United States of America,Airline,124605,148169,10497,88949,-3.851199111,10.83856972,-2073.120301,141.7486547,0
2014,United States of America,Banking,507986,10465678,89450,1196275,-3.507265647,1.736564183,14.27220931,21.33984793,1
2014,United States of America,Business Services & Supplies,136231,242707,10650,293558,5.550605499,6.667516349,-0.290234997,37.97677184,0
2014,United States of America,Capital Goods,231856,283703,19207,337118,-8.065520208,-0.355793141,0.866505619,13.12912341,0
2014,United States of America,Casinos & Gaming,37761,81900,-70,106025,10.95407399,-2.178586785,-94.35028249,63.60872786,0
2014,United States of America,Chemicals,225250,315008,26567,420254,1.930917763,3.965438145,41.96323608,22.58593331,0
2014,United States of America,Conglomerates,326416,932460,33691,618250,1.867796811,1.771056052,9.428998311,15.64872716,0
2014,United States of America,Construction,83704,67230,5614,63248,12.14362272,-5.301856495,98.58507252,27.25955734,0
2014,United States of America,Consumer Durables,907414,911059,54487,969670,8.408519626,9.403399812,5.61952392,25.17556361,0
2014,United States of America,Diversified Financials,617620,9367665,200301,1179801,1.607137275,2.635879622,192.0733752,28.57479138,1
2014,United States of America,Diversified Metals & Mining,115621,198315,-2395,102235,-7.601511991,1.36678917,-203.3664221,-0.832258252,0
2014,United States of America,Drugs & Biotechnology,548733,628966,54000,1218644,0.886171134,1.627911862,9.18796506,30.94265422,0
2014,United States of America,Food Markets,211906,69978,5272,73162,-8.395870798,1.900310166,65.47394852,23.71611681,0
2014,United States of America,"Food, Drink & Tobacco",549563,603091,53642,950099,8.890984781,0.015422937,11.37132773,5.668114354,0
2014,United States of America,Health Care Equipment & Services,730128,812253,49949,1022610,2.810313024,-0.629193194,7.08328867,27.74624891,0
2014,United States of America,"Hotels, Restaurants & Leisure",139012,187367,11040,325247,65.39596421,144.2313959,6.800812615,50.56267678,0
2014,United States of America,IT Software & Services,353628,618707,72256,1585056,6.831735214,14.14247447,12.23012643,32.43343053,0
2014,United States of America,Insurance,484322,4071243,40498,482930,-5.579025966,4.435164153,49.41154768,22.03306742,0
2014,United States of America,Materials,81206,97078,4297,79130,18.84036762,15.93617885,119.011213,13.88561066,0
2014,United States of America,Media,362037,716465,46058,790751,11.50785095,10.85830023,36.32273723,35.4074376,0
2014,United States of America,Oil & Gas Operations,1552712,1859885,116472,1823750,3.111859598,12.87401692,-3.680058219,21.95749894,0
2014,United States of America,Real Estate,57374,576644,12994,348023,10.55785721,-7.980627299,6.099452927,-3.693710895,0
2014,United States of America,Retailing,1564110,797829,52817,1230230,4.897018358,3.700483129,4.270146484,16.54882909,0
2014,United States of America,Semiconductors,137220,241751,25186,481219,1.925305286,8.092966273,13.11924545,30.33465324,0
2014,United States of America,Technology Hardware & Equipment,417008,572904,60423,847479,-8.824204632,0.193775402,23.08616826,14.617277,0
2014,United States of America,Telecommunications Services,287495,667221,29836,444847,-11.16909681,-2.068502922,220.4381914,5.103402977,0
2014,United States of America,Transportation,65940,127471,9265,173086,5.715430862,6.464491235,4.902626812,19.4437927,0
2014,United States of America,Utilities,299661,1059703,23545,482606,4.971835722,1.898242436,23.16263012,7.288693255,0
2015,United States of America,Aerospace & Defense,257627,285071,20103,358478,6.535799059,8.898413535,15.94762948,15.09341279,0
2015,United States of America,Air Courier,112001,74470,5938,143665,4.934697472,3.457856934,-7.08809263,4.659464264,0
2015,United States of America,Airline,145838,161626,6416,126918,17.04024718,9.082196681,-38.8777746,42.68625842,0
2015,United States of America,Banking,515773,11303206,84962,1228432,1.532916261,8.002615788,-5.017328116,2.688094293,1
2015,United States of America,Business Services & Supplies,151483,279191,14522,342723,11.19568967,15.03211691,36.35680751,16.74796803,0
2015,United States of America,Capital Goods,225393,280754,20279,298197,-2.787506038,-1.03946733,5.581298485,-11.54521562,0
2015,United States of America,Casinos & Gaming,38730,81663,652,70755,2.566139668,-0.289377289,-1031.428571,-33.26573921,0
2015,United States of America,Chemicals,226335,313195,22834,419606,0.481687014,-0.575540939,-14.05126661,-0.154192465,0
2015,United States of America,Conglomerates,338852,929839,34808,639974,3.809862262,-0.281084443,3.315425485,3.51378892,0
2015,United States of America,Construction,78470,74713,4363,59557,-6.252986715,11.13044772,-22.28357677,-5.835757652,0
2015,United States of America,Consumer Durables,969948,974984,51753,1171325,6.891451972,7.01655985,-5.017710647,20.79625027,0
2015,United States of America,Diversified Financials,656986,9460825,96635,1289761,6.373822091,0.994484752,-51.75510856,9.320215867,1
2015,United States of America,Diversified Metals & Mining,108691,170068,-107,72146,-5.993720864,-14.2435015,-95.53235908,-29.4312124,0
2015,United States of America,Drugs & Biotechnology,628993,652605,54608,1455060,14.62642123,3.758390756,1.125925926,19.39992319,0
2015,United States of America,Food Markets,188597,59557,3354,82054,-10.99968854,-14.89182314,-36.38088012,12.15385036,0
2015,United States of America,"Food, Drink & Tobacco",522117,575337,44578,1055378,-4.994149897,-4.601958908,-16.89720741,11.08084526,0
2015,United States of America,Health Care Equipment & Services,835518,878180,54604,1250541,14.43445533,8.116559742,9.319505896,22.28914249,0
2015,United States of America,"Hotels, Restaurants & Leisure",145733,196695,14647,379198,4.834834403,4.978464724,32.67210145,16.58770104,0
2015,United States of America,IT Software & Services,392022,737837,72956,1610644,10.85717194,19.25467144,0.968777679,1.614327822,0
2015,United States of America,Insurance,493731,4052257,41087,501053,1.942715797,-0.466344062,1.45439281,3.752717785,0
2015,United States of America,Materials,75252,83708,4377,83380,-7.331970544,-13.77243042,1.861764021,5.370908631,0
2015,United States of America,Media,384948,729632,47168,875631,6.328358704,1.837772955,2.410004777,10.73409961,0
2015,United States of America,Oil & Gas Operations,1476904,1911933,108681,1629083,-4.882296266,2.798452592,-6.689161343,-10.67399589,0
2015,United States of America,Real Estate,62706,674506,12684,493302,9.293408164,16.97095608,-2.385716485,41.74408013,0
2015,United States of America,Retailing,1616439,824880,45435,1433845,3.345608685,3.390576176,-13.97656058,16.55097014,0
2015,United States of America,Semiconductors,161040,257764,33518,528348,17.35898557,6.623757503,33.08187088,9.793669826,0
2015,United States of America,Technology Hardware & Equipment,430784,593510,68274,1087418,3.303533745,3.596763158,12.99339655,28.31208797,0
2015,United States of America,Telecommunications Services,294323,644589,17432,465490,2.374997826,-3.391979569,-41.57393753,4.640471893,0
2015,United States of America,Transportation,70493,134118,10432,190424,6.904761905,5.214519381,12.59579061,10.01698578,0
2015,United States of America,Utilities,331228,1155073,28566,536511,10.53423702,8.999691423,21.32512211,11.16956689,0
2016,United States of America,Aerospace & Defense,253325,269026,17914,317947,-1.669856032,-5.628422393,-10.88892205,-11.30641211,0
2016,United States of America,Air Courier,114167,78712,6437,146875,1.933911304,5.696253525,8.403502863,2.234364668,0
2016,United States of America,Airline,151161,180052,23248,119887,3.649940345,11.4003935,262.3441397,-5.539797349,0
2016,United States of America,Banking,541582,11601202,109958,1192620,5.003945534,2.636384757,29.42021139,-2.915261081,1
2016,United States of America,Business Services & Supplies,171706,350176,13390,357666,13.35001287,25.42524652,-7.79506955,4.360080882,0
2016,United States of America,Capital Goods,189990,257624,15793,262415,-15.70723137,-8.238529104,-22.12140638,-11.99945003,0
2016,United States of America,Casinos & Gaming,29313,68919,7420,60617,-24.3144849,-15.60559862,1038.03681,-14.32831602,0
2016,United States of America,Chemicals,200658,293540,21385,373796,-11.34468818,-6.27564297,-6.345800123,-10.9173844,0
2016,United States of America,Conglomerates,305168,783189,19844,666777,-9.940623045,-15.77154755,-42.99011721,4.188138893,0
2016,United States of America,Construction,110405,101812,5583,105375,40.69708169,36.27079625,27.96241118,76.93134308,0
2016,United States of America,Consumer Durables,944564,1014556,59439,1143376,-2.617047512,4.058733272,14.85131297,-2.38610121,0
2016,United States of America,Diversified Financials,666751,9688346,95539,1316408,1.486333042,2.404874839,-1.13416464,2.066041693,1
2016,United States of America,Diversified Metals & Mining,81925,138375,-13261,68656,-24.62577398,-18.63548698,12293.45794,-4.837413024,0
2016,United States of America,Drugs & Biotechnology,718739,893090,62841,1495949,14.2682033,36.85000881,15.07654556,2.810124668,0
2016,United States of America,Food Markets,207458,62280,3541,73779,10.0006893,4.572090602,5.57543232,-10.08482219,0
2016,United States of America,"Food, Drink & Tobacco",456767,576907,47507,1095624,-12.5163517,0.272883545,6.570505631,3.813420405,0
2016,United States of America,Health Care Equipment & Services,889251,1008495,51437,1272279,6.431100228,14.83921292,-5.799941396,1.738287669,0
2016,United States of America,"Hotels, Restaurants & Leisure",150007,198333,16047,382807,2.932760596,0.832761382,9.558271318,0.951745526,0
2016,United States of America,IT Software & Services,406176,804583,55522,1916827,3.610511655,9.046171444,-23.89659521,19.00997365,0
2016,United States of America,Insurance,460507,3849828,35773,448121,-6.729170338,-4.995463022,-12.93353129,-10.5641519,0
2016,United States of America,Materials,71449,100332,2859,87504,-5.053686281,19.85951164,-34.68128855,4.946030223,0
2016,United States of America,Media,346809,681703,34725,730299,-9.907571932,-6.568927898,-26.380173,-16.59740233,0
2016,United States of America,Oil & Gas Operations,949857,1691427,-47973,1370157,-35.6859349,-11.53314473,-144.1411102,-15.89397225,0
2016,United States of America,Real Estate,71760,631623,13554,482693,14.43880968,-6.357689924,6.859035005,-2.150609566,0
2016,United States of America,Retailing,1683581,866101,55665,1441714,4.153698346,4.997211716,22.51568174,0.54880409,0
2016,United States of America,Semiconductors,148435,266524,28064,488111,-7.827247889,3.398457504,-16.27185393,-7.61562455,0
2016,United States of America,Technology Hardware & Equipment,499166,647947,76681,932256,15.87384861,9.172044279,12.31361865,-14.26884602,0
2016,United States of America,Telecommunications Services,317363,777943,36725,526529,7.828134397,20.68822149,110.6757687,13.11284883,0
2016,United States of America,Transportation,75855,155264,9699,170923,7.606429007,15.76671289,-7.026457055,-10.24083099,0
2016,United States of America,Utilities,305491,1187231,20635,560660,-7.770176434,2.784066462,-27.76377512,4.501119269,0
2017,United States of America,Aerospace & Defense,270440,288295,19768,406488,6.756143294,7.162504739,10.34944736,27.84772305,0
2017,United States of America,Air Courier,124170,89949,5767,153733,8.761726243,14.27609513,-10.40857542,4.669276596,0
2017,United States of America,Airline,149330,199821,13119,128012,-1.211291272,10.97960589,-43.5693393,6.777215211,0
2017,United States of America,Banking,547860,11902014,110213,1493006,1.159196576,2.592938215,0.231906728,25.18706713,1
2017,United States of America,Business Services & Supplies,182703,391228,13588,440895,6.404551967,11.72324774,1.478715459,23.27003405,0
2017,United States of America,Capital Goods,171676,253459,11138,332847,-9.639454708,-1.616697202,-29.4750839,26.83992912,0
2017,United States of America,Casinos & Gaming,25331,61330,3013,72671,-13.58441647,-11.01147724,-59.393531,19.88551067,0
2017,United States of America,Chemicals,184333,287684,17331,401131,-8.135733437,-1.994958098,-18.957213,7.312812336,0
2017,United States of America,Conglomerates,300321,660224,29392,666926,-1.588305458,-15.70055248,48.11529933,0.022346302,0
2017,United States of America,Construction,116432,113082,6106,120011,5.458991893,11.06942207,9.367723446,13.88944247,0
2017,United States of America,Consumer Durables,885250,1068015,58878,1135025,-6.27951097,5.269201503,-0.943824762,-0.730380907,0
2017,United States of America,Diversified Financials,704491,10001444,100869,1531072,5.660283974,3.231697134,5.578873549,16.3067985,1
2017,United States of America,Diversified Metals & Mining,92905,133346,-3936,93918,13.40250229,-3.63432701,-70.31898047,36.79503612,0
2017,United States of America,Drugs & Biotechnology,731207,779908,57847,1310224,1.734704809,-12.67307886,-7.947040945,-12.41519597,0
2017,United States of America,Food Markets,239537,78588,3807,74695,15.46288887,26.1849711,7.512002259,1.241545697,0
2017,United States of America,"Food, Drink & Tobacco",462621,718082,62034,1271197,1.281616229,24.47101526,30.57865157,16.02493191,0
2017,United States of America,Health Care Equipment & Services,918488,966947,55995,1259449,3.287823123,-4.11980228,8.861325505,-1.008426611,0
2017,United States of America,"Hotels, Restaurants & Leisure",149712,203467,17124,383240,-0.196657489,2.588575779,6.711534866,0.113111829,0
2017,United States of America,IT Software & Services,414010,886170,74567,2285217,1.928720555,10.14028385,34.30171824,19.21874014,0
2017,United States of America,Insurance,458645,3956038,26322,503660,-0.404336959,2.75882455,-26.41936656,12.39375079,0
2017,United States of America,Materials,72203,114397,3667,96561,1.055298185,14.01845872,28.26162994,10.35038398,0
2017,United States of America,Media,335531,747634,39222,833450,-3.251934062,9.671513841,12.95032397,14.12448874,0
2017,United States of America,Oil & Gas Operations,779651,1595000,-25717,1387430,-17.91911835,-5.700925905,-46.3927626,1.26065845,0
2017,United States of America,Real Estate,75010,595583,17190,515405,4.528985507,-5.705935344,26.82602922,6.776978328,0
2017,United States of America,Retailing,1741619,904418,61603,1555105,3.447294784,4.424079871,10.66738525,7.865013449,0
2017,United States of America,Semiconductors,158463,289698,27481,606449,6.755819045,8.694901772,-2.077394527,24.24407563,0
2017,United States of America,Technology Hardware & Equipment,468391,767652,61901,1075144,-6.165283693,18.47450486,-19.27465735,15.32712045,0
2017,United States of America,Telecommunications Services,329889,789710,28369,549119,3.946899922,1.512578685,-22.75289312,4.290361974,0
2017,United States of America,Trading Companies,14529,1497,54,1429,31.2584696,38.99721448,3.846153846,-19.58356781,0
2017,United States of America,Transportation,77579,155988,9096,202061,2.272757234,0.466302556,-6.217135787,18.21755995,0
2017,United States of America,Utilities,308001,1292691,17854,624839,0.821628133,8.882854306,-13.47710201,11.44704455,0
2018,United States of America,Aerospace & Defense,284007,333972,22305,572265,5.01663955,15.84384051,12.83387293,40.78275373,0
2018,United States of America,Air Courier,138799,99527,10088,179380,11.78142869,10.64825623,74.92630484,16.68282021,0
2018,United States of America,Airline,159803,197754,13257,119490,7.01332619,-1.034425811,1.051909444,-6.657188389,0
2018,United States of America,Banking,620026,12383420,104460,1760706,13.1723433,4.044744024,-5.21989239,17.93026954,1
2018,United States of America,Business Services & Supplies,224493,490616,23820,569608,22.87318763,25.40411218,75.30173683,29.19357217,0
2018,United States of America,Capital Goods,204454,291505,15290,429534,19.09294252,15.01071179,37.27778775,29.04848173,0
2018,United States of America,Casinos & Gaming,36650,88168,6315,108927,44.68437882,43.75998696,109.591769,49.89060285,0
2018,United States of America,Chemicals,207257,396293,17045,462296,12.43618885,37.75288163,-1.650222145,15.2481359,0
2018,United States of America,Conglomerates,312459,680580,6640,580941,4.041675407,3.083196006,-77.40881873,-12.89273473,0
2018,United States of America,Construction,121316,129559,6584,132015,4.1947231,14.5708424,7.828365542,10.00241645,0
2018,United States of America,Consumer Durables,880646,1074379,41680,1091369,-0.520079074,0.595871781,-29.20955195,-3.846258893,0
2018,United States of America,Diversified Financials,773471,10193839,119722,2058412,9.791466463,1.923672222,18.69057887,34.44253438,1
2018,United States of America,Diversified Metals & Mining,112290,150985,7104,117306,20.86540014,13.22799334,-280.4878049,24.90257459,0
2018,United States of America,Drugs & Biotechnology,771081,807485,55464,1314198,5.453175366,3.535929879,-4.119487614,0.303306915,0
2018,United States of America,Food Markets,226110,77831,4091,86479,-5.605397079,-0.963251387,7.459942212,15.77615637,0
2018,United States of America,"Food, Drink & Tobacco",457378,714988,58378,1015480,-1.133325119,-0.430870012,-5.893542251,-20.1162369,0
2018,United States of America,Health Care Equipment & Services,985560,1092734,43672,1547370,7.302436178,13.00867576,-22.00732208,22.86087011,0
2018,United States of America,"Hotels, Restaurants & Leisure",156322,217922,21975,448044,4.415143743,7.104346159,28.32866153,16.9095084,0
2018,United States of America,IT Software & Services,502411,999208,66796,3059571,21.35238279,12.75579178,-10.42150013,33.88535968,0
2018,United States of America,Insurance,489264,4156204,36336,523189,6.675969432,5.059759284,38.04422156,3.877417305,0
2018,United States of America,Materials,80501,123412,7158,102519,11.49259726,7.88045141,95.20043632,6.170192935,0
2018,United States of America,Media,336705,1020872,56279,635592,0.349893154,36.54702702,43.48834838,-23.73963645,0
2018,United States of America,Oil & Gas Operations,982389,1622639,57646,1561764,26.00368626,1.732852665,-324.1552281,12.56524653,0
2018,United States of America,Real Estate,88702,598818,17323,505697,18.25356619,0.543165268,0.773705643,-1.883567292,0
2018,United States of America,Retailing,1815178,985052,58356,2013644,4.223598847,8.915567802,-5.270847199,29.48604757,0
2018,United States of America,Semiconductors,230090,409608,41677,987526,45.20108795,41.39137999,51.65750882,62.83743563,0
2018,United States of America,Technology Hardware & Equipment,505893,800060,53458,1392823,8.006558623,4.221704627,-13.63952117,29.54757688,0
2018,United States of America,Telecommunications Services,321998,861943,64040,495304,-2.392016709,9.146775399,125.7393634,-9.800243663,0
2018,United States of America,Trading Companies,15989,1670,30,880,10.04886778,11.55644623,-44.44444444,-38.41847446,0
2018,United States of America,Transportation,88796,165353,25330,270191,14.45880973,6.003666949,178.4740545,33.71754074,0
2018,United States of America,Utilities,311188,1284028,32448,616442,1.0347369,-0.670152418,81.74078638,-1.34386618,0
2019,United States of America,Aerospace & Defense,295371,333930,29575,546449,4.001309827,-0.012575905,32.59358888,-4.511196736,0
2019,United States of America,Banking,401501,7965914,99740,1040275,-35.24448975,-35.6727463,-4.518475972,-40.91716618,1
2019,United States of America,Business Services & Supplies,565836,6777857,86913,1535804,152.0506207,1281.49938,264.8740554,169.6247244,1
2019,United States of America,Capital Goods,220570,272276,22891,366973,7.882457668,-6.596456322,49.71223022,-14.564854,0
2019,United States of America,Chemicals,202110,352296,16090,330986,-2.483390187,-11.10213907,-5.602816075,-28.40387977,0
2019,United States of America,Conglomerates,320073,693128,1815,646473,2.436799708,1.843721532,-72.66566265,11.28031934,0
2019,United States of America,Construction,178719,161848,10285,152735,47.3169244,24.9222362,56.21202916,15.69518615,0
2019,United States of America,Consumer Durables,678700,938234,35142,1064907,-22.93157523,-12.67197144,-15.68618042,-2.424661137,0
2019,United States of America,Diversified Financials,925219,10683368,132464,2494856,19.61909367,4.802204547,10.64298959,21.20294674,1
2019,United States of America,Drugs & Biotechnology,1196361,1250450,87551,1892431,55.15373871,54.85736577,57.85194,43.99892558,0
2019,United States of America,Food Markets,237340,77675,4853,69748,4.966609173,-0.200434274,18.62625275,-19.34689347,0
2019,United States of America,"Food, Drink & Tobacco",462304,757218,43841,1084966,1.077008514,5.906392835,-24.90150399,6.842675385,0
2019,United States of America,Health Care Equipment & Services,269882,439138,23564,761788,-72.61638053,-59.81290964,-46.04323136,-50.76885296,0
2019,United States of America,"Hotels, Restaurants & Leisure",191017,303593,24060,561061,22.19457274,39.31268986,9.488054608,25.22453152,0
2019,United States of America,IT Software & Services,551616,1053304,118873,3563182,9.79377442,5.413887799,77.96424936,16.46018347,0
2019,United States of America,Insurance,658549,3177307,42332,702341,34.59992969,-23.5526697,16.50154117,34.24231014,0
2019,United States of America,Materials,211040,280507,15805,188476,162.1582341,127.2931319,120.8019,83.84494581,0
2019,United States of America,Media,336781,763254,32783,830021,0.022571687,-25.23509314,-41.74914266,30.5902214,0
2019,United States of America,Oil & Gas Operations,1115233,1647568,83704,1415417,13.52254555,1.536324469,45.20348333,-9.370621938,0
2019,United States of America,Retailing,1966680,1091062,58960,2247130,8.346399086,10.76186841,1.03502639,11.59519756,0
2019,United States of America,Semiconductors,235905,413641,66251,1018532,2.527271937,0.98459991,58.96297718,3.139765434,0
2019,United States of America,Technology Hardware & Equipment,595857,816659,84936,1551380,17.78320712,2.074719396,58.88360956,11.38385854,0
2019,United States of America,Telecommunications Services,333744,903919,32592,503923,3.647848744,4.869927594,-49.10680824,1.740143427,0
2019,United States of America,Trading Companies,198725,80337,3808,78286,1142.885734,4710.598802,12593.33333,8796.136364,0
2019,United States of America,Transportation,406985,489333,34528,574545,358.3370873,195.9323387,36.31267272,112.6440185,0
2019,United States of America,Utilities,323807,1398259,27293,743627,4.055104953,8.896301327,-15.88695759,20.63211137,0
2020,United States of America,Aerospace & Defense,356845,546158,19987,477162,20.81246974,63.5546372,-32.41927303,-12.67949983,0
2020,United States of America,Banking,400996,8825327,79422,708819,-0.125778018,10.78863016,-20.37096451,-31.86234409,1
2020,United States of America,Business Services & Supplies,567419,7181431,81901,1624587,0.279763041,5.954300895,-5.766686226,5.780880894,1
2020,United States of America,Capital Goods,232404,317762,23269,339626,5.365190189,16.7058426,1.651304006,-7.452046881,0
2020,United States of America,Chemicals,195493,329259,6012,300879,-3.273959725,-6.539103481,-62.63517713,-9.096155124,0
2020,United States of America,Conglomerates,231207,543136,26049,471953,-27.76429127,-21.63987027,1335.206612,-26.99571366,0
2020,United States of America,Construction,198886,181548,9756,157774,11.28419474,12.17191439,-5.143412737,3.299178315,0
2020,United States of America,Consumer Durables,673451,980230,29528,1065889,-0.773390305,4.47606887,-15.97518639,0.092214625,0
2020,United States of America,Diversified Financials,992707,12408008,195153,2196465,7.294273032,16.14322375,47.32531103,-11.96024941,1
2020,United States of America,Drugs & Biotechnology,1359243,1408959,96295,2209493,13.61478684,12.67615658,9.987321675,16.75421719,0
2020,United States of America,Food Markets,256113,92381,3687,63043,7.909749726,18.93273254,-24.02637544,-9.613178873,0
2020,United States of America,"Food, Drink & Tobacco",476582,778494,43335,1054363,3.088443968,2.809758881,-1.154170753,-2.820641384,0
2020,United States of America,Health Care Equipment & Services,290220,491108,31496,925035,7.535886054,11.83454859,33.66151757,21.42945281,0
2020,United States of America,"Hotels, Restaurants & Leisure",200441,353842,23528,451357,4.933592298,16.55143564,-2.21113882,-19.55295414,0
2020,United States of America,IT Software & Services,649926,1253118,136245,4301681,17.82218065,18.97021183,14.61391569,20.72582877,0
2020,United States of America,Insurance,714613,3504246,52158,691326,8.513261731,10.28981461,23.2117547,-1.568326497,0
2020,United States of America,Materials,172200,270828,7064,177228,-18.40409401,-3.450537776,-55.30528314,-5.967868588,0
2020,United States of America,Media,364961,899772,44688,757055,8.367455409,17.88631308,36.31455327,-8.790861918,0
2020,United States of America,Oil & Gas Operations,1048133,1634484,13759,793036,-6.016679922,-0.794140212,-83.56231482,-43.97156456,0
2020,United States of America,Retailing,2110842,1295318,74592,2586200,7.33022149,18.72084263,26.51289009,15.08902467,0
2020,United States of America,Semiconductors,227126,447841,50840,1085577,-3.721413281,8.268039193,-23.26153567,6.582512871,0
2020,United States of America,Technology Hardware & Equipment,598538,758371,83123,1720466,0.44994017,-7.137373126,-2.134548366,10.8990705,0
2020,United States of America,Telecommunications Services,341985,948442,23682,496223,2.469257874,4.925551958,-27.33799705,-1.528011224,0
2020,United States of America,Trading Companies,196175,81722,2927,67390,-1.283180274,1.723987702,-23.1355042,-13.91819738,0
2020,United States of America,Transportation,414324,541371,25737,437816,1.803260562,10.63447591,-25.46049583,-23.79778781,0
2020,United States of America,Utilities,321186,1537373,31836,751042,-0.809432779,9.949086686,16.64529367,0.997139695,0
2021,United States of America,Aerospace & Defense,348432,603147,3912,665782,-2.357606244,10.43452627,-80.42727773,39.52955181,0
2021,United States of America,Banking,370637,9475381,71315,1175695,-7.570898463,7.365778061,-10.20749918,65.86674454,1
2021,United States of America,Business Services & Supplies,538457,8190353,67097,2600776,-5.104164647,14.04903842,-18.07548137,60.08844094,1
2021,United States of America,Capital Goods,210315,347735,19989,641117,-9.504569629,9.432531266,-14.09600756,88.77147215,0
2021,United States of America,Chemicals,180240,363298,8784,488146,-7.802325403,10.33806213,46.10778443,62.23997022,0
2021,United States of America,Conglomerates,226135,578857,24747,742747,-2.193705208,6.576805809,-4.998272486,57.37732359,0
2021,United States of America,Construction,223637,235479,14339,326137,12.44481763,29.7061934,46.97621976,106.7114987,0
2021,United States of America,Consumer Durables,625665,1009092,37233,2069633,-7.095690704,2.944411006,26.093877,94.16965556,0
2021,United States of America,Diversified Financials,951396,13711769,174227,3092641,-4.161449451,10.50741586,-10.72286872,40.80083225,1
2021,United States of America,Drugs & Biotechnology,1340927,1453026,60863,2450074,-1.347514756,3.12762827,-36.79526455,10.88851605,0
2021,United States of America,Food Markets,324290,128049,3106,96946,26.61989044,38.60967082,-15.75806889,53.77758038,0
2021,United States of America,"Food, Drink & Tobacco",511135,985863,59146,1353915,7.250168911,26.63719952,36.48551979,28.41070865,0
2021,United States of America,Health Care Equipment & Services,306837,570151,39040,1333331,5.725656399,16.09483046,23.9522479,44.13843801,0
2021,United States of America,"Hotels, Restaurants & Leisure",109433,366096,-17077,674211,-45.40388443,3.463127611,-172.5816049,49.37422041,0
2021,United States of America,IT Software & Services,717768,1431669,149564,7091153,10.43841914,14.24853845,9.775771588,64.84609156,0
2021,United States of America,Insurance,898531,3771361,57568,1060650,25.73672743,7.622609828,10.37233023,53.42255318,0
2021,United States of America,Materials,158491,263769,8476,301775,-7.961091754,-2.606451327,19.98867497,70.27501298,0
2021,United States of America,Media,347979,919922,20420,1153535,-4.65309992,2.239456218,-54.30540637,52.37136007,0
2021,United States of America,Oil & Gas Operations,667457,1378265,-83404,968408,-36.31943656,-15.67583409,-706.1777745,22.11400239,0
2021,United States of America,Retailing,2302014,1472446,81487,3629061,9.056670277,13.67447993,9.243618619,40.3240662,0
2021,United States of America,Semiconductors,260194,501797,60496,1922569,14.5593195,12.04802597,18.99291896,77.10111765,0
2021,United States of America,Technology Hardware & Equipment,618129,807161,86850,2931670,3.273142223,6.433526598,4.483716901,70.39976378,0
2021,United States of America,Telecommunications Services,335926,936892,12748,533950,-1.771715134,-1.217786644,-46.17008699,7.602831791,0
2021,United States of America,Trading Companies,142429,63413,2916,91358,-27.39696699,-22.40400382,-0.375811411,35.56610773,0
2021,United States of America,Transportation,316554,572023,-14350,746341,-23.59747444,5.661921307,-155.7563042,70.46910117,0
2021,United States of America,Utilities,311997,1615096,27302,912517,-2.86095907,5.05557207,-14.24173891,21.50012915,0
2022,United States of America,Aerospace & Defense,253450,399397,25373,561636,-27.25983836,-33.7811512,548.5940695,-15.64265781,0
2022,United States of America,Banking,402118,10718799,119361,1165147,8.493755346,13.12261744,67.37152072,-0.89717146,1
2022,United States of America,Business Services & Supplies,536773,8403836,99584,2144948,-0.312745493,2.606517692,48.41796205,-17.52661513,1
2022,United States of America,Capital Goods,243546,360555,28257,563561,15.80058484,3.686715459,41.36274951,-12.09701193,0
2022,United States of America,Chemicals,234323,376193,32346,490441,30.00610297,3.549427743,268.2377049,0.470146227,0
2022,United States of America,Conglomerates,144490,320237,24049,554507,-36.10453932,-44.67770106,-2.820543904,-25.3437577,0
2022,United States of America,Construction,232199,225154,22486,261049,3.828525691,-4.384679738,56.81707232,-19.95725723,0
2022,United States of America,Consumer Durables,551746,809500,47167,2057813,-11.8144694,-19.779366,26.68063277,-0.571115749,0
2022,United States of America,Diversified Financials,1070829,15631532,281591,3531781,12.55344778,14.00084118,61.62305498,14.19951427,1
2022,United States of America,Drugs & Biotechnology,1561635,1551931,136557,2773479,16.45935983,6.806829334,124.3678425,13.19980539,0
2022,United States of America,Food Markets,367500,133923,4481,121131,13.32449351,4.587306422,44.26915647,24.94687764,0
2022,United States of America,"Food, Drink & Tobacco",548237,799372,57422,1431480,7.258747689,-18.91652288,-2.914820952,5.728941625,0
2022,United States of America,Health Care Equipment & Services,345161,604062,50945,1295525,12.49001913,5.947722621,30.49436475,-2.835454962,0
2022,United States of America,"Hotels, Restaurants & Leisure",131831,343720,-311,546481,20.4673179,-6.112058039,-98.17883703,-18.94510769,0
2022,United States of America,IT Software & Services,902299,1600521,218909,5997883,25.70900347,11.79406692,46.36476692,-15.41737994,0
2022,United States of America,Insurance,949974,3673566,82700,1219609,5.725233743,-2.593095702,43.65619789,14.98694197,0
2022,United States of America,Materials,282090,337931,36822,375086,77.9848698,28.1162684,334.4266163,24.29326485,0
2022,United States of America,Media,407204,991279,39912,836811,17.01970521,7.756853298,95.45543585,-27.45681752,0
2022,United States of America,Oil & Gas Operations,1183667,1666363,86795,1714459,77.33981365,20.90294682,-204.0657522,77.03891335,0
2022,United States of America,Retailing,2466591,1528776,116222,3142516,7.149261473,3.825607187,42.62643121,-13.4069116,0
2022,United States of America,Semiconductors,331490,617205,87547,1928322,27.40109303,22.9989418,44.71535308,0.299235034,0
2022,United States of America,Technology Hardware & Equipment,737785,815222,138872,3267830,19.3577716,0.998685516,59.89867588,11.46650203,0
2022,United States of America,Telecommunications Services,318836,967347,44819,405715,-5.08742997,3.250641483,251.5767179,-24.01629366,0
2022,United States of America,Trading Companies,192400,107614,6217,123088,35.08484929,69.70337313,113.2030178,34.73149587,0
2022,United States of America,Transportation,424839,580462,33389,676383,34.2074338,1.475290329,-332.6759582,-9.373463336,0
2022,United States of America,Utilities,385438,1749266,31948,998347,23.53900839,8.307246133,17.01706835,9.405852165,0
